{
    "timestamp": "2025-08-11T23:34:55.231820",
    "phase": "Phase 4 - XGBoost Optimization",
    "target_achieved": "True",
    "best_model": "xgboost_optimized",
    "performance": {
        "xgboost_basic": {
            "train_r2": 0.9998523926800008,
            "test_r2": 0.763003882988037,
            "test_mae": 6.0287187319990085,
            "test_rmse": 28.847638059901225,
            "model_type": "XGBoost Basic",
            "improvement_vs_rf": -0.010887042081660026
        },
        "xgboost_optimized": {
            "train_r2": 0.9997028688244566,
            "test_r2": 0.892766341980673,
            "test_mae": 4.581368537123631,
            "test_rmse": 19.404622833998403,
            "model_type": "XGBoost Optimized",
            "best_params": {
                "subsample": 0.7,
                "n_estimators": 200,
                "min_child_weight": 5,
                "max_depth": 4,
                "learning_rate": 0.2,
                "gamma": 0.2,
                "colsample_bytree": 0.9
            },
            "cv_score": 0.9151522917358463,
            "improvement_vs_basic": 0.12976245899263594,
            "improvement_vs_rf": 0.11887541691097592
        }
    },
    "summary": {
        "best_r2": 0.892766341980673,
        "target_r2": 0.75,
        "target_exceeded": 0.14276634198067295,
        "models_tested": [
            "xgboost_basic",
            "xgboost_optimized"
        ]
    }
}