{
    "timestamp": "2025-08-13T15:46:52.648706",
    "leaderboard": {
        "LightGBM Optimized": 0.9209184101702261,
        "LightGBM Basic": 0.9134344975563619,
        "Random Forest": 0.9002768549567335
    },
    "champion": {
        "model": "LightGBM Optimized",
        "r2_score": 0.9209184101702261,
        "target_exceeded": 0.17091841017022613
    },
    "target_achievement": {
        "target_r2": 0.75,
        "achieved": "True",
        "all_models_above_target": true
    }
}